"","ID","focal","competitor","density","competition","inoculum","decay","treatment","tot_focal","tot_comp","Above_focal","Above_comp","Below_focal","Below_comp","Remove_density","Above_focal_initial","Below_focal_initial","tot_focal_initial","Above_comp_initial","Below_comp_initial","tot_comp_initial","moss"
"1","001","MACHZU","MACHZU",0,"conspecific","unsterilized+living","living","unsterilized",0.37595,0,0.24474,0,0.13121,0,0,0.0587506666666667,0.0310586666666667,0.0898093333333333,0.0587506666666667,0.0310586666666667,0.0898093333333333,0
"2","002","MACHZU","MACHZU",1,"conspecific","unsterilized+living","living","unsterilized",0.13857,0.25526,0.07262,0.19386,0.06595,0.0614,0,0.0587506666666667,0.0310586666666667,0.0898093333333333,0.0587506666666667,0.0310586666666667,0.0898093333333333,100
"3","003","MACHZU","MACHZU",2,"conspecific","unsterilized+living","living","unsterilized",0.205444723284963,1.98657527671504,0.12608,1.35071,0.0793647232849626,0.635865276715037,0,0.0587506666666667,0.0310586666666667,0.0898093333333333,0.0587506666666667,0.0310586666666667,0.0898093333333333,50
"4","004","MACHZU","MACHZU",4,"conspecific","unsterilized+living","living","unsterilized",0.337590227842951,1.79339977215705,0.22124,1.25346,0.116350227842951,0.539939772157049,0,0.0587506666666667,0.0310586666666667,0.0898093333333333,0.0587506666666667,0.0310586666666667,0.0898093333333333,3
"5","005","ENGERO","MACHZU",0,"heterospecific","unsterilized+living","living","unsterilized",0.46535,0,0.38607,0,0.07928,0,0,0.0135813333333333,0.004368,0.0179493333333333,0.0587506666666667,0.0310586666666667,0.0898093333333333,80
"6","006","ENGERO","MACHZU",1,"heterospecific","unsterilized+living","living","unsterilized",0.22282,0.22021,0.16489,0.14366,0.05793,0.07655,0,0.0135813333333333,0.004368,0.0179493333333333,0.0587506666666667,0.0310586666666667,0.0898093333333333,100
"7","007","ENGERO","MACHZU",2,"heterospecific","unsterilized+living","living","unsterilized",0.25646,0.79816,0.18579,0.58085,0.07067,0.21731,0,0.0135813333333333,0.004368,0.0179493333333333,0.0587506666666667,0.0310586666666667,0.0898093333333333,5
"8","008","ENGERO","MACHZU",4,"heterospecific","unsterilized+living","living","unsterilized",0.50399,2.64444,0.39548,1.48405,0.10851,1.16039,0,0.0135813333333333,0.004368,0.0179493333333333,0.0587506666666667,0.0310586666666667,0.0898093333333333,100
"9","009","MACHZU","MACHZU",0,"conspecific","sterilized+living","living","sterilized",0.28596,0,0.17463,0,0.11133,0,0,0.0587506666666667,0.0310586666666667,0.0898093333333333,0.0587506666666667,0.0310586666666667,0.0898093333333333,90
"10","010","MACHZU","MACHZU",1,"conspecific","sterilized+living","living","sterilized",0.18643,0.1069,0.12264,0.07317,0.06379,0.03373,0,0.0587506666666667,0.0310586666666667,0.0898093333333333,0.0587506666666667,0.0310586666666667,0.0898093333333333,0
"11","011","MACHZU","MACHZU",2,"conspecific","sterilized+living","living","sterilized",0.326502035840384,0.552007964159616,0.2043,0.39614,0.122202035840384,0.155867964159616,0,0.0587506666666667,0.0310586666666667,0.0898093333333333,0.0587506666666667,0.0310586666666667,0.0898093333333333,0
"12","012","MACHZU","MACHZU",4,"conspecific","sterilized+living","living","sterilized",0.1365390301473,0.8745709698527,0.08064,0.58874,0.0558990301473005,0.2858309698527,0,0.0587506666666667,0.0310586666666667,0.0898093333333333,0.0587506666666667,0.0310586666666667,0.0898093333333333,0
"13","013","ENGERO","MACHZU",0,"heterospecific","sterilized+living","living","sterilized",0.145,0,0.11552,0,0.02948,0,0,0.0135813333333333,0.004368,0.0179493333333333,0.0587506666666667,0.0310586666666667,0.0898093333333333,0
"14","014","ENGERO","MACHZU",1,"heterospecific","sterilized+living","living","sterilized",0.1964,1.14552,0.16279,0.76564,0.03361,0.37988,0,0.0135813333333333,0.004368,0.0179493333333333,0.0587506666666667,0.0310586666666667,0.0898093333333333,0
"15","015","ENGERO","MACHZU",2,"heterospecific","sterilized+living","living","sterilized",0.13449,0.64963,0.11265,0.42541,0.02184,0.22422,0,0.0135813333333333,0.004368,0.0179493333333333,0.0587506666666667,0.0310586666666667,0.0898093333333333,100
"16","016","ENGERO","MACHZU",4,"heterospecific","sterilized+living","living","sterilized",0.10751,0.8714,0.08381,0.58681,0.0237,0.28459,0,0.0135813333333333,0.004368,0.0179493333333333,0.0587506666666667,0.0310586666666667,0.0898093333333333,0
"17","017","MACHZU","MACHZU",0,"conspecific","unsterilized+dead","dead","unsterilized",0.39412,0,0.2191,0,0.17502,0,0,0.0587506666666667,0.0310586666666667,0.0898093333333333,0.0587506666666667,0.0310586666666667,0.0898093333333333,100
"18","018","MACHZU","MACHZU",1,"conspecific","unsterilized+dead","dead","unsterilized",0.333025103244051,0.227374896755949,0.21893,0.15591,0.114095103244051,0.0714648967559492,0,0.0587506666666667,0.0310586666666667,0.0898093333333333,0.0587506666666667,0.0310586666666667,0.0898093333333333,100
"19","019","MACHZU","MACHZU",2,"conspecific","unsterilized+dead","dead","unsterilized",0.39673510937341,0.61193489062659,0.26182,0.42619,0.13491510937341,0.18574489062659,0,0.0587506666666667,0.0310586666666667,0.0898093333333333,0.0587506666666667,0.0310586666666667,0.0898093333333333,100
"20","020","MACHZU","MACHZU",4,"conspecific","unsterilized+dead","dead","unsterilized",0.243468077070064,1.20678192292994,0.16094,0.78106,0.0825280770700637,0.425721922929936,1,0.0587506666666667,0.0310586666666667,0.0898093333333333,0.0587506666666667,0.0310586666666667,0.0898093333333333,100
"21","021","ENGERO","MACHZU",0,"heterospecific","unsterilized+dead","dead","unsterilized",0.12542,0,0.10273,0,0.02269,0,2,0.0135813333333333,0.004368,0.0179493333333333,0.0587506666666667,0.0310586666666667,0.0898093333333333,100
"22","022","ENGERO","MACHZU",1,"heterospecific","unsterilized+dead","dead","unsterilized",0.15558,0.12988,0.14194,0.05897,0.01364,0.07091,0,0.0135813333333333,0.004368,0.0179493333333333,0.0587506666666667,0.0310586666666667,0.0898093333333333,100
"23","023","ENGERO","MACHZU",2,"heterospecific","unsterilized+dead","dead","unsterilized",0.20092,0.58077,0.1522,0.37646,0.04872,0.20431,0,0.0135813333333333,0.004368,0.0179493333333333,0.0587506666666667,0.0310586666666667,0.0898093333333333,100
"24","024","ENGERO","MACHZU",4,"heterospecific","unsterilized+dead","dead","unsterilized",0.18626,1.16132,0.14056,0.78938,0.0457,0.37194,0,0.0135813333333333,0.004368,0.0179493333333333,0.0587506666666667,0.0310586666666667,0.0898093333333333,100
"25","025","MACHZU","MACHZU",0,"conspecific","sterilized+dead","dead","sterilized",0.27288,0,0.19603,0,0.07685,0,0,0.0587506666666667,0.0310586666666667,0.0898093333333333,0.0587506666666667,0.0310586666666667,0.0898093333333333,0
"26","026","MACHZU","MACHZU",1,"conspecific","sterilized+dead","dead","sterilized",0.542824089787014,0.236415910212986,0.37565,0.14692,0.167174089787014,0.0894959102129858,0,0.0587506666666667,0.0310586666666667,0.0898093333333333,0.0587506666666667,0.0310586666666667,0.0898093333333333,0
"27","027","MACHZU","MACHZU",2,"conspecific","sterilized+dead","dead","sterilized",0.382179568332398,0.271900431667602,0.26016,0.18509,0.122019568332398,0.0868104316676025,2,0.0587506666666667,0.0310586666666667,0.0898093333333333,0.0587506666666667,0.0310586666666667,0.0898093333333333,0
"28","028","MACHZU","MACHZU",4,"conspecific","sterilized+dead","dead","sterilized",0.170945335395322,1.24845466460468,0.11726,0.76215,0.0536853353953219,0.486304664604678,0,0.0587506666666667,0.0310586666666667,0.0898093333333333,0.0587506666666667,0.0310586666666667,0.0898093333333333,0
"29","029","ENGERO","MACHZU",0,"heterospecific","sterilized+dead","dead","sterilized",0.03757,0,0.02301,0,0.01456,0,2,0.0135813333333333,0.004368,0.0179493333333333,0.0587506666666667,0.0310586666666667,0.0898093333333333,20
"30","030","ENGERO","MACHZU",1,"heterospecific","sterilized+dead","dead","sterilized",0.20076,0.1545,0.16965,0.10021,0.03111,0.05429,0,0.0135813333333333,0.004368,0.0179493333333333,0.0587506666666667,0.0310586666666667,0.0898093333333333,0
"31","031","ENGERO","MACHZU",2,"heterospecific","sterilized+dead","dead","sterilized",0.21792,0.47694,0.17971,0.32646,0.03821,0.15048,0,0.0135813333333333,0.004368,0.0179493333333333,0.0587506666666667,0.0310586666666667,0.0898093333333333,0
"32","032","ENGERO","MACHZU",4,"heterospecific","sterilized+dead","dead","sterilized",0.1656,0.82693,0.13531,0.51698,0.03029,0.30995,0,0.0135813333333333,0.004368,0.0179493333333333,0.0587506666666667,0.0310586666666667,0.0898093333333333,0
"33","033","MACHZU","ENGERO",0,"heterospecific","unsterilized+living","living","unsterilized",0.47257,0,0.29021,0,0.18236,0,2,0.0587506666666667,0.0310586666666667,0.0898093333333333,0.0135813333333333,0.004368,0.0179493333333333,5
"34","034","MACHZU","ENGERO",1,"heterospecific","unsterilized+living","living","unsterilized",0.25837,0.16574,0.17212,0.13307,0.08625,0.03267,0,0.0587506666666667,0.0310586666666667,0.0898093333333333,0.0135813333333333,0.004368,0.0179493333333333,100
"35","035","MACHZU","ENGERO",2,"heterospecific","unsterilized+living","living","unsterilized",0.32185,1.32488,0.21425,1.11256,0.1076,0.21232,0,0.0587506666666667,0.0310586666666667,0.0898093333333333,0.0135813333333333,0.004368,0.0179493333333333,90
"36","036","MACHZU","ENGERO",4,"heterospecific","unsterilized+living","living","unsterilized",0.39402,3.25503,0.30499,2.65935,0.08903,0.59568,0,0.0587506666666667,0.0310586666666667,0.0898093333333333,0.0135813333333333,0.004368,0.0179493333333333,80
"37","037","ENGERO","ENGERO",0,"conspecific","unsterilized+living","living","unsterilized",0.5102,0,0.42979,0,0.08041,0,0,0.0135813333333333,0.004368,0.0179493333333333,0.0135813333333333,0.004368,0.0179493333333333,35
"38","038","ENGERO","ENGERO",1,"conspecific","unsterilized+living","living","unsterilized",1.33392766961564,0.23676233038436,1.14441,0.1973,0.18951766961564,0.0394623303843603,0,0.0135813333333333,0.004368,0.0179493333333333,0.0135813333333333,0.004368,0.0179493333333333,5
"39","039","ENGERO","ENGERO",2,"conspecific","unsterilized+living","living","unsterilized",0.211609580881208,0.906990419118792,0.17832,0.78513,0.0332895808812082,0.121860419118792,0,0.0135813333333333,0.004368,0.0179493333333333,0.0135813333333333,0.004368,0.0179493333333333,100
"40","040","ENGERO","ENGERO",4,"conspecific","unsterilized+living","living","unsterilized",0.232344230870238,3.50709576912976,0.19164,2.89269,0.0407042308702376,0.614405769129762,1,0.0135813333333333,0.004368,0.0179493333333333,0.0135813333333333,0.004368,0.0179493333333333,80
"41","041","MACHZU","ENGERO",0,"heterospecific","sterilized+living","living","sterilized",0.22711,0,0.16657,0,0.06054,0,0,0.0587506666666667,0.0310586666666667,0.0898093333333333,0.0135813333333333,0.004368,0.0179493333333333,100
"42","042","MACHZU","ENGERO",1,"heterospecific","sterilized+living","living","sterilized",0.23452,0.14572,0.13919,0.11162,0.09533,0.0341,0,0.0587506666666667,0.0310586666666667,0.0898093333333333,0.0135813333333333,0.004368,0.0179493333333333,90
"43","043","MACHZU","ENGERO",2,"heterospecific","sterilized+living","living","sterilized",0.26431,0.36874,0.20281,0.32299,0.0615,0.04575,0,0.0587506666666667,0.0310586666666667,0.0898093333333333,0.0135813333333333,0.004368,0.0179493333333333,90
"44","044","MACHZU","ENGERO",4,"heterospecific","sterilized+living","living","sterilized",0.2243,0.82971,0.138,0.65797,0.0863,0.17174,0,0.0587506666666667,0.0310586666666667,0.0898093333333333,0.0135813333333333,0.004368,0.0179493333333333,0
"45","045","ENGERO","ENGERO",0,"conspecific","sterilized+living","living","sterilized",0.18942,0,0.16146,0,0.02796,0,0,0.0135813333333333,0.004368,0.0179493333333333,0.0135813333333333,0.004368,0.0179493333333333,10
"46","046","ENGERO","ENGERO",1,"conspecific","sterilized+living","living","sterilized",0.290894111457596,0.339755888542404,0.24314,0.27957,0.047754111457596,0.060185888542404,0,0.0135813333333333,0.004368,0.0179493333333333,0.0135813333333333,0.004368,0.0179493333333333,0
"47","047","ENGERO","ENGERO",2,"conspecific","sterilized+living","living","sterilized",0.287301278110743,0.395038721889257,0.23353,0.32542,0.0537712781107434,0.0696187218892566,0,0.0135813333333333,0.004368,0.0179493333333333,0.0135813333333333,0.004368,0.0179493333333333,0
"48","048","ENGERO","ENGERO",4,"conspecific","sterilized+living","living","sterilized",0.237928115668549,0.745961884331451,0.18948,0.59483,0.0484481156685494,0.151131884331451,0,0.0135813333333333,0.004368,0.0179493333333333,0.0135813333333333,0.004368,0.0179493333333333,0
"49","049","MACHZU","ENGERO",0,"heterospecific","unsterilized+dead","dead","unsterilized",0.32121,0,0.2011,0,0.12011,0,0,0.0587506666666667,0.0310586666666667,0.0898093333333333,0.0135813333333333,0.004368,0.0179493333333333,100
"50","050","MACHZU","ENGERO",1,"heterospecific","unsterilized+dead","dead","unsterilized",0.51031,0.11653,0.32423,0.08816,0.18608,0.02837,0,0.0587506666666667,0.0310586666666667,0.0898093333333333,0.0135813333333333,0.004368,0.0179493333333333,0
"51","051","MACHZU","ENGERO",2,"heterospecific","unsterilized+dead","dead","unsterilized",0.39158,0.93001,0.24381,0.77134,0.14777,0.15867,0,0.0587506666666667,0.0310586666666667,0.0898093333333333,0.0135813333333333,0.004368,0.0179493333333333,5
"52","052","MACHZU","ENGERO",4,"heterospecific","unsterilized+dead","dead","unsterilized",0.22048,0.85784,0.12942,0.71061,0.09106,0.14723,1,0.0587506666666667,0.0310586666666667,0.0898093333333333,0.0135813333333333,0.004368,0.0179493333333333,100
"53","053","ENGERO","ENGERO",0,"conspecific","unsterilized+dead","dead","unsterilized",0.1683,0,0.13586,0,0.03244,0,0,0.0135813333333333,0.004368,0.0179493333333333,0.0135813333333333,0.004368,0.0179493333333333,100
"54","054","ENGERO","ENGERO",1,"conspecific","unsterilized+dead","dead","unsterilized",0.143489467533787,1.33216053246621,0.11502,1.0659,0.0284694675337872,0.266260532466213,0,0.0135813333333333,0.004368,0.0179493333333333,0.0135813333333333,0.004368,0.0179493333333333,100
"55","055","ENGERO","ENGERO",2,"conspecific","unsterilized+dead","dead","unsterilized",0.280884946425281,2.17125505357472,0.24414,1.8184,0.0367449464252814,0.352855053574719,0,0.0135813333333333,0.004368,0.0179493333333333,0.0135813333333333,0.004368,0.0179493333333333,100
"56","056","ENGERO","ENGERO",4,"conspecific","unsterilized+dead","dead","unsterilized",0.633899503728792,0.864870496271208,0.5665,0.69128,0.067399503728792,0.173590496271208,0,0.0135813333333333,0.004368,0.0179493333333333,0.0135813333333333,0.004368,0.0179493333333333,0
"57","057","MACHZU","ENGERO",0,"heterospecific","sterilized+dead","dead","sterilized",0.48884,0,0.30776,0,0.18108,0,0,0.0587506666666667,0.0310586666666667,0.0898093333333333,0.0135813333333333,0.004368,0.0179493333333333,0
"58","058","MACHZU","ENGERO",1,"heterospecific","sterilized+dead","dead","sterilized",0.22484,0.41712,0.13455,0.33335,0.09029,0.08377,0,0.0587506666666667,0.0310586666666667,0.0898093333333333,0.0135813333333333,0.004368,0.0179493333333333,60
"59","059","MACHZU","ENGERO",2,"heterospecific","sterilized+dead","dead","sterilized",0.17048,0.22566,0.09729,0.18536,0.07319,0.0403,0,0.0587506666666667,0.0310586666666667,0.0898093333333333,0.0135813333333333,0.004368,0.0179493333333333,0
"60","060","MACHZU","ENGERO",4,"heterospecific","sterilized+dead","dead","sterilized",0.21057,0.94569,0.1263,0.7221,0.08427,0.22359,0,0.0587506666666667,0.0310586666666667,0.0898093333333333,0.0135813333333333,0.004368,0.0179493333333333,0
"61","061","ENGERO","ENGERO",0,"conspecific","sterilized+dead","dead","sterilized",0.15611,0,0.13195,0,0.02416,0,0,0.0135813333333333,0.004368,0.0179493333333333,0.0135813333333333,0.004368,0.0179493333333333,0
"62","062","ENGERO","ENGERO",1,"conspecific","sterilized+dead","dead","sterilized",0.125073331882797,0.138596668117203,0.09879,0.10803,0.0262833318827966,0.0305666681172034,0,0.0135813333333333,0.004368,0.0179493333333333,0.0135813333333333,0.004368,0.0179493333333333,0
"63","063","ENGERO","ENGERO",2,"conspecific","sterilized+dead","dead","sterilized",0.168552159772941,0.482547840227059,0.14787,0.40529,0.0206821597729409,0.0772578402270591,0,0.0135813333333333,0.004368,0.0179493333333333,0.0135813333333333,0.004368,0.0179493333333333,2
"64","064","ENGERO","ENGERO",4,"conspecific","sterilized+dead","dead","sterilized",0.137241061566783,0.703008938433217,0.11249,0.57197,0.0247510615667826,0.131038938433217,0,0.0135813333333333,0.004368,0.0179493333333333,0.0135813333333333,0.004368,0.0179493333333333,40
"65","065","MACHZU","MACHZU",0,"conspecific","unsterilized+living","living","unsterilized",0.2345,0,0.13181,0,0.10269,0,0,0.0587506666666667,0.0310586666666667,0.0898093333333333,0.0587506666666667,0.0310586666666667,0.0898093333333333,100
"66","066","MACHZU","MACHZU",1,"conspecific","unsterilized+living","living","unsterilized",0.14753,0.23358,0.09091,0.152,0.05662,0.08158,0,0.0587506666666667,0.0310586666666667,0.0898093333333333,0.0587506666666667,0.0310586666666667,0.0898093333333333,100
"67","067","MACHZU","MACHZU",2,"conspecific","unsterilized+living","living","unsterilized",0.20007,0.43872,0.1343,0.26401,0.06577,0.17471,0,0.0587506666666667,0.0310586666666667,0.0898093333333333,0.0587506666666667,0.0310586666666667,0.0898093333333333,100
"68","068","MACHZU","MACHZU",4,"conspecific","unsterilized+living","living","unsterilized",0.179895270481908,0.924834729518092,0.10925,0.50373,0.0706452704819081,0.421104729518092,0,0.0587506666666667,0.0310586666666667,0.0898093333333333,0.0587506666666667,0.0310586666666667,0.0898093333333333,80
"69","069","ENGERO","MACHZU",0,"heterospecific","unsterilized+living","living","unsterilized",0.21096,0,0.16724,0,0.04372,0,0,0.0135813333333333,0.004368,0.0179493333333333,0.0587506666666667,0.0310586666666667,0.0898093333333333,100
"70","070","ENGERO","MACHZU",1,"heterospecific","unsterilized+living","living","unsterilized",0.17146,0.27329,0.13169,0.18698,0.03977,0.08631,0,0.0135813333333333,0.004368,0.0179493333333333,0.0587506666666667,0.0310586666666667,0.0898093333333333,100
"71","071","ENGERO","MACHZU",2,"heterospecific","unsterilized+living","living","unsterilized",0.3914,0.74062,0.31837,0.53674,0.07303,0.20388,0,0.0135813333333333,0.004368,0.0179493333333333,0.0587506666666667,0.0310586666666667,0.0898093333333333,100
"72","072","ENGERO","MACHZU",4,"heterospecific","unsterilized+living","living","unsterilized",0.2888,0.74523,0.22582,0.45293,0.06298,0.2923,1,0.0135813333333333,0.004368,0.0179493333333333,0.0587506666666667,0.0310586666666667,0.0898093333333333,100
"73","073","MACHZU","MACHZU",0,"conspecific","sterilized+living","living","sterilized",0.27356,0,0.17662,0,0.09694,0,0,0.0587506666666667,0.0310586666666667,0.0898093333333333,0.0587506666666667,0.0310586666666667,0.0898093333333333,90
"74","074","MACHZU","MACHZU",1,"conspecific","sterilized+living","living","sterilized",0.29376570469086,0.25441429530914,0.21106,0.16563,0.0827057046908599,0.0887842953091401,0,0.0587506666666667,0.0310586666666667,0.0898093333333333,0.0587506666666667,0.0310586666666667,0.0898093333333333,0
"75","075","MACHZU","MACHZU",2,"conspecific","sterilized+living","living","sterilized",0.763001474483669,1.08257852551633,0.52036,0.66202,0.242641474483669,0.420558525516331,0,0.0587506666666667,0.0310586666666667,0.0898093333333333,0.0587506666666667,0.0310586666666667,0.0898093333333333,5
"76","076","MACHZU","MACHZU",4,"conspecific","sterilized+living","living","sterilized",0.275641463972763,1.10240853602724,0.1712,0.72465,0.104441463972763,0.377758536027237,0,0.0587506666666667,0.0310586666666667,0.0898093333333333,0.0587506666666667,0.0310586666666667,0.0898093333333333,0
"77","077","ENGERO","MACHZU",0,"heterospecific","sterilized+living","living","sterilized",0.24234,0,0.18791,0,0.05443,0,0,0.0135813333333333,0.004368,0.0179493333333333,0.0587506666666667,0.0310586666666667,0.0898093333333333,0
"78","078","ENGERO","MACHZU",1,"heterospecific","sterilized+living","living","sterilized",0.23134,0.44454,0.1873,0.29645,0.04404,0.14809,0,0.0135813333333333,0.004368,0.0179493333333333,0.0587506666666667,0.0310586666666667,0.0898093333333333,3
"79","079","ENGERO","MACHZU",2,"heterospecific","sterilized+living","living","sterilized",0.34095,0.36049,0.28599,0.22961,0.05496,0.13088,0,0.0135813333333333,0.004368,0.0179493333333333,0.0587506666666667,0.0310586666666667,0.0898093333333333,0
"80","080","ENGERO","MACHZU",4,"heterospecific","sterilized+living","living","sterilized",0.36721,1.22401,0.27435,0.8063,0.09286,0.41771,0,0.0135813333333333,0.004368,0.0179493333333333,0.0587506666666667,0.0310586666666667,0.0898093333333333,0
"81","081","MACHZU","MACHZU",0,"conspecific","unsterilized+dead","dead","unsterilized",0.22995,0,0.14072,0,0.08923,0,0,0.0587506666666667,0.0310586666666667,0.0898093333333333,0.0587506666666667,0.0310586666666667,0.0898093333333333,100
"82","082","MACHZU","MACHZU",1,"conspecific","unsterilized+dead","dead","unsterilized",0.30235,0.22973,0.21648,0.13706,0.08587,0.09267,0,0.0587506666666667,0.0310586666666667,0.0898093333333333,0.0587506666666667,0.0310586666666667,0.0898093333333333,90
"83","083","MACHZU","MACHZU",2,"conspecific","unsterilized+dead","dead","unsterilized",0.184277728721674,0.451602271278326,0.14058,0.32057,0.0436977287216741,0.131032271278326,0,0.0587506666666667,0.0310586666666667,0.0898093333333333,0.0587506666666667,0.0310586666666667,0.0898093333333333,100
"84","084","MACHZU","MACHZU",4,"conspecific","unsterilized+dead","dead","unsterilized",0.739612796821859,2.45382720317814,0.47971,1.60201,0.259902796821859,0.851817203178141,0,0.0587506666666667,0.0310586666666667,0.0898093333333333,0.0587506666666667,0.0310586666666667,0.0898093333333333,100
"85","085","ENGERO","MACHZU",0,"heterospecific","unsterilized+dead","dead","unsterilized",0.35151,0,0.2325,0,0.11901,0,0,0.0135813333333333,0.004368,0.0179493333333333,0.0587506666666667,0.0310586666666667,0.0898093333333333,100
"86","086","ENGERO","MACHZU",1,"heterospecific","unsterilized+dead","dead","unsterilized",0.46562,0.14117,0.38342,0.06553,0.0822,0.07564,0,0.0135813333333333,0.004368,0.0179493333333333,0.0587506666666667,0.0310586666666667,0.0898093333333333,100
"87","087","ENGERO","MACHZU",2,"heterospecific","unsterilized+dead","dead","unsterilized",0.09638,0.46294,0.0708,0.29181,0.02558,0.17113,0,0.0135813333333333,0.004368,0.0179493333333333,0.0587506666666667,0.0310586666666667,0.0898093333333333,100
"88","088","ENGERO","MACHZU",4,"heterospecific","unsterilized+dead","dead","unsterilized",0.18957,0.91526,0.15018,0.5512,0.03939,0.36406,1,0.0135813333333333,0.004368,0.0179493333333333,0.0587506666666667,0.0310586666666667,0.0898093333333333,100
"89","089","MACHZU","MACHZU",0,"conspecific","sterilized+dead","dead","sterilized",0.24243,0,0.15159,0,0.09084,0,0,0.0587506666666667,0.0310586666666667,0.0898093333333333,0.0587506666666667,0.0310586666666667,0.0898093333333333,0
"90","090","MACHZU","MACHZU",1,"conspecific","sterilized+dead","dead","sterilized",0.285956846940906,0.143793153059094,0.19754,0.0898,0.0884168469409062,0.0539931530590938,0,0.0587506666666667,0.0310586666666667,0.0898093333333333,0.0587506666666667,0.0310586666666667,0.0898093333333333,0
"91","091","MACHZU","MACHZU",2,"conspecific","sterilized+dead","dead","sterilized",0.183706193367585,0.384473806632415,0.10319,0.26078,0.0805161933675852,0.123693806632415,0,0.0587506666666667,0.0310586666666667,0.0898093333333333,0.0587506666666667,0.0310586666666667,0.0898093333333333,0
"92","092","MACHZU","MACHZU",4,"conspecific","sterilized+dead","dead","sterilized",0.151633084874434,1.35370691512557,0.08853,0.79666,0.0631030848744337,0.557046915125566,0,0.0587506666666667,0.0310586666666667,0.0898093333333333,0.0587506666666667,0.0310586666666667,0.0898093333333333,0
"93","093","ENGERO","MACHZU",0,"heterospecific","sterilized+dead","dead","sterilized",0.21048,0,0.17217,0,0.03831,0,0,0.0135813333333333,0.004368,0.0179493333333333,0.0587506666666667,0.0310586666666667,0.0898093333333333,0
"94","094","ENGERO","MACHZU",1,"heterospecific","sterilized+dead","dead","sterilized",0.18761,0.08167,0.15453,0.05304,0.03308,0.02863,0,0.0135813333333333,0.004368,0.0179493333333333,0.0587506666666667,0.0310586666666667,0.0898093333333333,40
"95","095","ENGERO","MACHZU",2,"heterospecific","sterilized+dead","dead","sterilized",0.13068,0.68104,0.10678,0.44767,0.0239,0.23337,0,0.0135813333333333,0.004368,0.0179493333333333,0.0587506666666667,0.0310586666666667,0.0898093333333333,0
"96","096","ENGERO","MACHZU",4,"heterospecific","sterilized+dead","dead","sterilized",0.01595,0.99762,0.00893,0.60746,0.00702,0.39016,0,0.0135813333333333,0.004368,0.0179493333333333,0.0587506666666667,0.0310586666666667,0.0898093333333333,0
"97","097","MACHZU","ENGERO",0,"heterospecific","unsterilized+living","living","unsterilized",0.23107,0,0.13636,0,0.09471,0,0,0.0587506666666667,0.0310586666666667,0.0898093333333333,0.0135813333333333,0.004368,0.0179493333333333,100
"98","098","MACHZU","ENGERO",1,"heterospecific","unsterilized+living","living","unsterilized",0.56542,0.28323,0.38313,0.23215,0.18229,0.05108,0,0.0587506666666667,0.0310586666666667,0.0898093333333333,0.0135813333333333,0.004368,0.0179493333333333,100
"99","099","MACHZU","ENGERO",2,"heterospecific","unsterilized+living","living","unsterilized",0.24904,1.02954,0.16939,0.79608,0.07965,0.23346,0,0.0587506666666667,0.0310586666666667,0.0898093333333333,0.0135813333333333,0.004368,0.0179493333333333,100
"100","100","MACHZU","ENGERO",4,"heterospecific","unsterilized+living","living","unsterilized",0.17418,3.06264,0.10729,2.4913,0.06689,0.57134,1,0.0587506666666667,0.0310586666666667,0.0898093333333333,0.0135813333333333,0.004368,0.0179493333333333,100
"101","101","ENGERO","ENGERO",0,"conspecific","unsterilized+living","living","unsterilized",0.26534,0,0.20254,0,0.0628,0,0,0.0135813333333333,0.004368,0.0179493333333333,0.0135813333333333,0.004368,0.0179493333333333,100
"102","102","ENGERO","ENGERO",1,"conspecific","unsterilized+living","living","unsterilized",0.18755161208105,0.20406838791895,0.15387,0.16001,0.0336816120810501,0.0440583879189499,0,0.0135813333333333,0.004368,0.0179493333333333,0.0135813333333333,0.004368,0.0179493333333333,100
"103","103","ENGERO","ENGERO",2,"conspecific","unsterilized+living","living","unsterilized",0.174267092541074,0.303442907458926,0.14429,0.23673,0.029977092541074,0.066712907458926,0,0.0135813333333333,0.004368,0.0179493333333333,0.0135813333333333,0.004368,0.0179493333333333,100
"104","104","ENGERO","ENGERO",4,"conspecific","unsterilized+living","living","unsterilized",0.387766129758955,1.73611387024105,0.32855,1.40266,0.0592161297589547,0.333453870241045,0,0.0135813333333333,0.004368,0.0179493333333333,0.0135813333333333,0.004368,0.0179493333333333,100
"105","105","MACHZU","ENGERO",0,"heterospecific","sterilized+living","living","sterilized",0.40013,0,0.27369,0,0.12644,0,0,0.0587506666666667,0.0310586666666667,0.0898093333333333,0.0135813333333333,0.004368,0.0179493333333333,80
"106","106","MACHZU","ENGERO",1,"heterospecific","sterilized+living","living","sterilized",0.32171,0.12962,0.21905,0.09727,0.10266,0.03235,0,0.0587506666666667,0.0310586666666667,0.0898093333333333,0.0135813333333333,0.004368,0.0179493333333333,95
"107","107","MACHZU","ENGERO",2,"heterospecific","sterilized+living","living","sterilized",0.47741,0.17811,0.3459,0.14204,0.13151,0.03607,1,0.0587506666666667,0.0310586666666667,0.0898093333333333,0.0135813333333333,0.004368,0.0179493333333333,0
"108","108","MACHZU","ENGERO",4,"heterospecific","sterilized+living","living","sterilized",0.75344,0.71017,0.46941,0.55842,0.28403,0.15175,0,0.0587506666666667,0.0310586666666667,0.0898093333333333,0.0135813333333333,0.004368,0.0179493333333333,0
"109","109","ENGERO","ENGERO",0,"conspecific","sterilized+living","living","sterilized",0.2239,0,0.17056,0,0.05334,0,0,0.0135813333333333,0.004368,0.0179493333333333,0.0135813333333333,0.004368,0.0179493333333333,0
"110","110","ENGERO","ENGERO",1,"conspecific","sterilized+living","living","sterilized",0.163151815503813,0.146818184496187,0.12947,0.11834,0.0336818155038134,0.0284781844961866,0,0.0135813333333333,0.004368,0.0179493333333333,0.0135813333333333,0.004368,0.0179493333333333,10
"111","111","ENGERO","ENGERO",2,"conspecific","sterilized+living","living","sterilized",0.255819604194358,0.232890395805642,0.20956,0.1967,0.0462596041943583,0.0361903958056417,0,0.0135813333333333,0.004368,0.0179493333333333,0.0135813333333333,0.004368,0.0179493333333333,0
"112","112","ENGERO","ENGERO",4,"conspecific","sterilized+living","living","sterilized",0.135710210716436,0.762159789283564,0.11338,0.61746,0.0223302107164359,0.144699789283564,0,0.0135813333333333,0.004368,0.0179493333333333,0.0135813333333333,0.004368,0.0179493333333333,20
"113","113","MACHZU","ENGERO",0,"heterospecific","unsterilized+dead","dead","unsterilized",0.38576,0,0.24096,0,0.1448,0,0,0.0587506666666667,0.0310586666666667,0.0898093333333333,0.0135813333333333,0.004368,0.0179493333333333,100
"114","114","MACHZU","ENGERO",1,"heterospecific","unsterilized+dead","dead","unsterilized",0.21644,0.13555,0.13985,0.10551,0.07659,0.03004,0,0.0587506666666667,0.0310586666666667,0.0898093333333333,0.0135813333333333,0.004368,0.0179493333333333,100
"115","115","MACHZU","ENGERO",2,"heterospecific","unsterilized+dead","dead","unsterilized",0.22517,0.56561,0.14133,0.44754,0.08384,0.11807,0,0.0587506666666667,0.0310586666666667,0.0898093333333333,0.0135813333333333,0.004368,0.0179493333333333,100
"116","116","MACHZU","ENGERO",4,"heterospecific","unsterilized+dead","dead","unsterilized",0.25058,6.51175,0.17696,5.14083,0.07362,1.37092,0,0.0587506666666667,0.0310586666666667,0.0898093333333333,0.0135813333333333,0.004368,0.0179493333333333,100
"117","117","ENGERO","ENGERO",0,"conspecific","unsterilized+dead","dead","unsterilized",0.135,0,0.10645,0,0.02855,0,0,0.0135813333333333,0.004368,0.0179493333333333,0.0135813333333333,0.004368,0.0179493333333333,0
"118","118","ENGERO","ENGERO",1,"conspecific","unsterilized+dead","dead","unsterilized",0.331739010830325,0.193430989169675,0.28002,0.13548,0.0517190108303249,0.0579509891696751,0,0.0135813333333333,0.004368,0.0179493333333333,0.0135813333333333,0.004368,0.0179493333333333,100
"119","119","ENGERO","ENGERO",2,"conspecific","unsterilized+dead","dead","unsterilized",0.14838887777242,0.47072112222758,0.11922,0.37854,0.0291688777724204,0.0921811222275796,0,0.0135813333333333,0.004368,0.0179493333333333,0.0135813333333333,0.004368,0.0179493333333333,100
"120","120","ENGERO","ENGERO",4,"conspecific","unsterilized+dead","dead","unsterilized",0.484644567451754,1.13615543254825,0.40553,0.88265,0.0791145674517536,0.253505432548246,0,0.0135813333333333,0.004368,0.0179493333333333,0.0135813333333333,0.004368,0.0179493333333333,0
"121","121","MACHZU","ENGERO",0,"heterospecific","sterilized+dead","dead","sterilized",0.20293,0,0.15376,0,0.04917,0,0,0.0587506666666667,0.0310586666666667,0.0898093333333333,0.0135813333333333,0.004368,0.0179493333333333,0
"122","122","MACHZU","ENGERO",1,"heterospecific","sterilized+dead","dead","sterilized",0.63499,0.21541,0.33397,0.17024,0.30102,0.04517,0,0.0587506666666667,0.0310586666666667,0.0898093333333333,0.0135813333333333,0.004368,0.0179493333333333,20
"123","123","MACHZU","ENGERO",2,"heterospecific","sterilized+dead","dead","sterilized",0.22713,0.47882,0.14792,0.39934,0.07921,0.07948,0,0.0587506666666667,0.0310586666666667,0.0898093333333333,0.0135813333333333,0.004368,0.0179493333333333,0
"124","124","MACHZU","ENGERO",4,"heterospecific","sterilized+dead","dead","sterilized",0.2179,0.8795,0.16921,0.73245,0.04869,0.14705,0,0.0587506666666667,0.0310586666666667,0.0898093333333333,0.0135813333333333,0.004368,0.0179493333333333,0
"125","125","ENGERO","ENGERO",0,"conspecific","sterilized+dead","dead","sterilized",0.25834,0,0.20987,0,0.04847,0,0,0.0135813333333333,0.004368,0.0179493333333333,0.0135813333333333,0.004368,0.0179493333333333,80
"126","126","ENGERO","ENGERO",1,"conspecific","sterilized+dead","dead","sterilized",0.0966359621706608,0.137644037829339,0.08458,0.12531,0.0120559621706608,0.0123340378293392,0,0.0135813333333333,0.004368,0.0179493333333333,0.0135813333333333,0.004368,0.0179493333333333,90
"127","127","ENGERO","ENGERO",2,"conspecific","sterilized+dead","dead","sterilized",0.351450840778591,0.241439159221409,0.28629,0.19612,0.0651608407785908,0.0453191592214092,1,0.0135813333333333,0.004368,0.0179493333333333,0.0135813333333333,0.004368,0.0179493333333333,0
"128","128","ENGERO","ENGERO",4,"conspecific","sterilized+dead","dead","sterilized",0.137632336626743,0.637257663373257,0.11905,0.51049,0.0185823366267433,0.126767663373257,0,0.0135813333333333,0.004368,0.0179493333333333,0.0135813333333333,0.004368,0.0179493333333333,3
"129","129","MACHZU","MACHZU",0,"conspecific","unsterilized+living","living","unsterilized",0.34913,0,0.25028,0,0.09885,0,0,0.0587506666666667,0.0310586666666667,0.0898093333333333,0.0587506666666667,0.0310586666666667,0.0898093333333333,100
"130","130","MACHZU","MACHZU",1,"conspecific","unsterilized+living","living","unsterilized",0.207110750661323,0.854349249338677,0.12873,0.50258,0.0783807506613233,0.351769249338677,0,0.0587506666666667,0.0310586666666667,0.0898093333333333,0.0587506666666667,0.0310586666666667,0.0898093333333333,100
"131","131","MACHZU","MACHZU",2,"conspecific","unsterilized+living","living","unsterilized",0.247479897379673,0.475750102620327,0.14638,0.30967,0.101099897379673,0.166080102620327,0,0.0587506666666667,0.0310586666666667,0.0898093333333333,0.0587506666666667,0.0310586666666667,0.0898093333333333,100
"132","132","MACHZU","MACHZU",4,"conspecific","unsterilized+living","living","unsterilized",0.485122174887892,0.721617825112108,0.2801,0.41566,0.205022174887892,0.305957825112108,0,0.0587506666666667,0.0310586666666667,0.0898093333333333,0.0587506666666667,0.0310586666666667,0.0898093333333333,100
"133","133","ENGERO","MACHZU",0,"heterospecific","unsterilized+living","living","unsterilized",0.12071,0,0.09466,0,0.02605,0,0,0.0135813333333333,0.004368,0.0179493333333333,0.0587506666666667,0.0310586666666667,0.0898093333333333,100
"134","134","ENGERO","MACHZU",1,"heterospecific","unsterilized+living","living","unsterilized",0.66703,0.22985,0.49207,0.16956,0.17496,0.06029,0,0.0135813333333333,0.004368,0.0179493333333333,0.0587506666666667,0.0310586666666667,0.0898093333333333,100
"135","135","ENGERO","MACHZU",2,"heterospecific","unsterilized+living","living","unsterilized",0.37365,0.60854,0.28641,0.38452,0.08724,0.22402,0,0.0135813333333333,0.004368,0.0179493333333333,0.0587506666666667,0.0310586666666667,0.0898093333333333,100
"136","136","ENGERO","MACHZU",4,"heterospecific","unsterilized+living","living","unsterilized",0.30888,2.37484,0.22885,1.53163,0.08003,0.84321,0,0.0135813333333333,0.004368,0.0179493333333333,0.0587506666666667,0.0310586666666667,0.0898093333333333,100
"137","137","MACHZU","MACHZU",0,"conspecific","sterilized+living","living","sterilized",0.20139,0,0.1267,0,0.07469,0,0,0.0587506666666667,0.0310586666666667,0.0898093333333333,0.0587506666666667,0.0310586666666667,0.0898093333333333,0
"138","138","MACHZU","MACHZU",1,"conspecific","sterilized+living","living","sterilized",0.20837,0.16149,0.14708,0.08499,0.06129,0.0765,0,0.0587506666666667,0.0310586666666667,0.0898093333333333,0.0587506666666667,0.0310586666666667,0.0898093333333333,0
"139","139","MACHZU","MACHZU",2,"conspecific","sterilized+living","living","sterilized",0.28092,0.64445,0.21193,0.41349,0.06899,0.23096,0,0.0587506666666667,0.0310586666666667,0.0898093333333333,0.0587506666666667,0.0310586666666667,0.0898093333333333,0
"140","140","MACHZU","MACHZU",4,"conspecific","sterilized+living","living","sterilized",0.165306846361186,0.797683153638814,0.11379,0.50207,0.051516846361186,0.295613153638814,0,0.0587506666666667,0.0310586666666667,0.0898093333333333,0.0587506666666667,0.0310586666666667,0.0898093333333333,0
"141","141","ENGERO","MACHZU",0,"heterospecific","sterilized+living","living","sterilized",0.0457,0,0.03828,0,0.00742,0,0,0.0135813333333333,0.004368,0.0179493333333333,0.0587506666666667,0.0310586666666667,0.0898093333333333,0
"142","142","ENGERO","MACHZU",1,"heterospecific","sterilized+living","living","sterilized",0.57373,0.20689,0.45943,0.14019,0.1143,0.0667,0,0.0135813333333333,0.004368,0.0179493333333333,0.0587506666666667,0.0310586666666667,0.0898093333333333,0
"143","143","ENGERO","MACHZU",2,"heterospecific","sterilized+living","living","sterilized",0.44531,0.52149,0.34607,0.31823,0.09924,0.20326,0,0.0135813333333333,0.004368,0.0179493333333333,0.0587506666666667,0.0310586666666667,0.0898093333333333,0
"144","144","ENGERO","MACHZU",4,"heterospecific","sterilized+living","living","sterilized",0.11062,1.25553,0.08841,0.69815,0.02221,0.55738,0,0.0135813333333333,0.004368,0.0179493333333333,0.0587506666666667,0.0310586666666667,0.0898093333333333,0
"145","145","MACHZU","MACHZU",0,"conspecific","unsterilized+dead","dead","unsterilized",0.282,0,0.16307,0,0.11893,0,0,0.0587506666666667,0.0310586666666667,0.0898093333333333,0.0587506666666667,0.0310586666666667,0.0898093333333333,5
"146","146","MACHZU","MACHZU",1,"conspecific","unsterilized+dead","dead","unsterilized",0.24304,0.23563,0.14553,0.15792,0.09751,0.07771,0,0.0587506666666667,0.0310586666666667,0.0898093333333333,0.0587506666666667,0.0310586666666667,0.0898093333333333,5
"147","147","MACHZU","MACHZU",2,"conspecific","unsterilized+dead","dead","unsterilized",0.430813844403468,0.418516155596532,0.23336,0.27642,0.197453844403468,0.142096155596532,0,0.0587506666666667,0.0310586666666667,0.0898093333333333,0.0587506666666667,0.0310586666666667,0.0898093333333333,0
"148","148","MACHZU","MACHZU",4,"conspecific","unsterilized+dead","dead","unsterilized",0.324416282145481,1.25237371785452,0.19225,0.86933,0.132166282145481,0.383043717854519,0,0.0587506666666667,0.0310586666666667,0.0898093333333333,0.0587506666666667,0.0310586666666667,0.0898093333333333,5
"149","149","ENGERO","MACHZU",0,"heterospecific","unsterilized+dead","dead","unsterilized",0.4934,0,0.40328,0,0.09012,0,0,0.0135813333333333,0.004368,0.0179493333333333,0.0587506666666667,0.0310586666666667,0.0898093333333333,100
"150","150","ENGERO","MACHZU",1,"heterospecific","unsterilized+dead","dead","unsterilized",1.71264,0.27788,1.28382,0.18129,0.42882,0.09659,0,0.0135813333333333,0.004368,0.0179493333333333,0.0587506666666667,0.0310586666666667,0.0898093333333333,10
"151","151","ENGERO","MACHZU",2,"heterospecific","unsterilized+dead","dead","unsterilized",1.75845,1.06996,1.48018,0.60739,0.27827,0.46257,0,0.0135813333333333,0.004368,0.0179493333333333,0.0587506666666667,0.0310586666666667,0.0898093333333333,100
"152","152","ENGERO","MACHZU",4,"heterospecific","unsterilized+dead","dead","unsterilized",1.34778,5.12145,0.88622,2.48743,0.46156,2.63402,0,0.0135813333333333,0.004368,0.0179493333333333,0.0587506666666667,0.0310586666666667,0.0898093333333333,0
"153","153","MACHZU","MACHZU",0,"conspecific","sterilized+dead","dead","sterilized",0.5219,0,0.28513,0,0.23677,0,0,0.0587506666666667,0.0310586666666667,0.0898093333333333,0.0587506666666667,0.0310586666666667,0.0898093333333333,0
"154","154","MACHZU","MACHZU",1,"conspecific","sterilized+dead","dead","sterilized",0.200692257883934,0.283607742116066,0.12209,0.19945,0.0786022578839336,0.0841577421160664,0,0.0587506666666667,0.0310586666666667,0.0898093333333333,0.0587506666666667,0.0310586666666667,0.0898093333333333,10
"155","155","MACHZU","MACHZU",2,"conspecific","sterilized+dead","dead","sterilized",0.237809749698055,0.478700250301945,0.1605,0.31972,0.0773097496980551,0.158980250301945,0,0.0587506666666667,0.0310586666666667,0.0898093333333333,0.0587506666666667,0.0310586666666667,0.0898093333333333,0
"156","156","MACHZU","MACHZU",4,"conspecific","sterilized+dead","dead","sterilized",0.215282371664473,0.901287628335527,0.14994,0.26791,0.0653423716644729,0.633377628335527,0,0.0587506666666667,0.0310586666666667,0.0898093333333333,0.0587506666666667,0.0310586666666667,0.0898093333333333,0
"157","157","ENGERO","MACHZU",0,"heterospecific","sterilized+dead","dead","sterilized",0.18254,0,0.1458,0,0.03674,0,0,0.0135813333333333,0.004368,0.0179493333333333,0.0587506666666667,0.0310586666666667,0.0898093333333333,0
"158","158","ENGERO","MACHZU",1,"heterospecific","sterilized+dead","dead","sterilized",0.16397,0.37087,0.1333,0.27353,0.03067,0.09734,0,0.0135813333333333,0.004368,0.0179493333333333,0.0587506666666667,0.0310586666666667,0.0898093333333333,100
"159","159","ENGERO","MACHZU",2,"heterospecific","sterilized+dead","dead","sterilized",0.12291,0.33358,0.09438,0.23019,0.02853,0.10339,0,0.0135813333333333,0.004368,0.0179493333333333,0.0587506666666667,0.0310586666666667,0.0898093333333333,0
"160","160","ENGERO","MACHZU",4,"heterospecific","sterilized+dead","dead","sterilized",0.11535,1.01931,0.09015,0.71829,0.0252,0.30102,0,0.0135813333333333,0.004368,0.0179493333333333,0.0587506666666667,0.0310586666666667,0.0898093333333333,0
"161","161","MACHZU","ENGERO",0,"heterospecific","unsterilized+living","living","unsterilized",0.27458,0,0.19239,0,0.08219,0,0,0.0587506666666667,0.0310586666666667,0.0898093333333333,0.0135813333333333,0.004368,0.0179493333333333,100
"162","162","MACHZU","ENGERO",1,"heterospecific","unsterilized+living","living","unsterilized",0.09265,2.39466,0.05862,2.02452,0.03403,0.37014,0,0.0587506666666667,0.0310586666666667,0.0898093333333333,0.0135813333333333,0.004368,0.0179493333333333,100
"163","163","MACHZU","ENGERO",2,"heterospecific","unsterilized+living","living","unsterilized",0.33752,0.55789,0.18923,0.4542,0.14829,0.10369,0,0.0587506666666667,0.0310586666666667,0.0898093333333333,0.0135813333333333,0.004368,0.0179493333333333,80
"164","164","MACHZU","ENGERO",4,"heterospecific","unsterilized+living","living","unsterilized",0.29629,1.55998,0.17805,1.29127,0.11824,0.26871,0,0.0587506666666667,0.0310586666666667,0.0898093333333333,0.0135813333333333,0.004368,0.0179493333333333,100
"165","165","ENGERO","ENGERO",0,"conspecific","unsterilized+living","living","unsterilized",0.23733,0,0.1852,0,0.05213,0,0,0.0135813333333333,0.004368,0.0179493333333333,0.0135813333333333,0.004368,0.0179493333333333,100
"166","166","ENGERO","ENGERO",1,"conspecific","unsterilized+living","living","unsterilized",5.73978789344052,0.205902106559483,4.48581,0.14672,1.25397789344052,0.0591821065594826,0,0.0135813333333333,0.004368,0.0179493333333333,0.0135813333333333,0.004368,0.0179493333333333,100
"167","167","ENGERO","ENGERO",2,"conspecific","unsterilized+living","living","unsterilized",0.503243159178444,1.05078684082156,0.40947,0.88612,0.0937731591784438,0.164666840821556,0,0.0135813333333333,0.004368,0.0179493333333333,0.0135813333333333,0.004368,0.0179493333333333,100
"168","168","ENGERO","ENGERO",4,"conspecific","unsterilized+living","living","unsterilized",0.630234999956849,2.19912500004315,0.5343,1.78316,0.0959349999568493,0.415965000043151,0,0.0135813333333333,0.004368,0.0179493333333333,0.0135813333333333,0.004368,0.0179493333333333,80
"169","169","MACHZU","ENGERO",0,"heterospecific","sterilized+living","living","sterilized",0.23203,0,0.17049,0,0.06154,0,0,0.0587506666666667,0.0310586666666667,0.0898093333333333,0.0135813333333333,0.004368,0.0179493333333333,0
"170","170","MACHZU","ENGERO",1,"heterospecific","sterilized+living","living","sterilized",0.20016,0.12621,0.1203,0.10585,0.07986,0.02036,0,0.0587506666666667,0.0310586666666667,0.0898093333333333,0.0135813333333333,0.004368,0.0179493333333333,20
"171","171","MACHZU","ENGERO",2,"heterospecific","sterilized+living","living","sterilized",0.28258,0.31146,0.15194,0.23855,0.13064,0.07291,0,0.0587506666666667,0.0310586666666667,0.0898093333333333,0.0135813333333333,0.004368,0.0179493333333333,0
"172","172","MACHZU","ENGERO",4,"heterospecific","sterilized+living","living","sterilized",0.21996,0.83438,0.10998,0.66656,0.10998,0.16782,0,0.0587506666666667,0.0310586666666667,0.0898093333333333,0.0135813333333333,0.004368,0.0179493333333333,60
"173","173","ENGERO","ENGERO",0,"conspecific","sterilized+living","living","sterilized",0.21123,0,0.17259,0,0.03864,0,0,0.0135813333333333,0.004368,0.0179493333333333,0.0135813333333333,0.004368,0.0179493333333333,90
"174","174","ENGERO","ENGERO",1,"conspecific","sterilized+living","living","sterilized",0.182847904527424,0.175412095472576,0.15007,0.14237,0.0327779045274244,0.0330420954725756,0,0.0135813333333333,0.004368,0.0179493333333333,0.0135813333333333,0.004368,0.0179493333333333,0
"175","175","ENGERO","ENGERO",2,"conspecific","sterilized+living","living","sterilized",0.164765148045796,0.235314851954204,0.12518,0.17878,0.0395851480457955,0.0565348519542045,0,0.0135813333333333,0.004368,0.0179493333333333,0.0135813333333333,0.004368,0.0179493333333333,20
"176","176","ENGERO","ENGERO",4,"conspecific","sterilized+living","living","sterilized",0.222467920671318,0.813412079328682,0.1713,0.64858,0.0511679206713178,0.164832079328682,0,0.0135813333333333,0.004368,0.0179493333333333,0.0135813333333333,0.004368,0.0179493333333333,0
"177","177","MACHZU","ENGERO",0,"heterospecific","unsterilized+dead","dead","unsterilized",0.46859,0,0.29344,0,0.17515,0,0,0.0587506666666667,0.0310586666666667,0.0898093333333333,0.0135813333333333,0.004368,0.0179493333333333,80
"178","178","MACHZU","ENGERO",1,"heterospecific","unsterilized+dead","dead","unsterilized",0.33348,0.27634,0.23953,0.21401,0.09395,0.06233,0,0.0587506666666667,0.0310586666666667,0.0898093333333333,0.0135813333333333,0.004368,0.0179493333333333,100
"179","179","MACHZU","ENGERO",2,"heterospecific","unsterilized+dead","dead","unsterilized",0.60629,2.29256,0.3363,1.80177,0.26999,0.49079,0,0.0587506666666667,0.0310586666666667,0.0898093333333333,0.0135813333333333,0.004368,0.0179493333333333,80
"180","180","MACHZU","ENGERO",4,"heterospecific","unsterilized+dead","dead","unsterilized",0.41874,2.17962,0.2808,1.79405,0.13794,0.38557,0,0.0587506666666667,0.0310586666666667,0.0898093333333333,0.0135813333333333,0.004368,0.0179493333333333,100
"181","181","ENGERO","ENGERO",0,"conspecific","unsterilized+dead","dead","unsterilized",0.07379,0,0.06331,0,0.01048,0,0,0.0135813333333333,0.004368,0.0179493333333333,0.0135813333333333,0.004368,0.0179493333333333,100
"182","182","ENGERO","ENGERO",1,"conspecific","unsterilized+dead","dead","unsterilized",0.1515627239064,0.4628472760936,0.12683,0.32146,0.0247327239063999,0.1413872760936,0,0.0135813333333333,0.004368,0.0179493333333333,0.0135813333333333,0.004368,0.0179493333333333,100
"183","183","ENGERO","ENGERO",2,"conspecific","unsterilized+dead","dead","unsterilized",0.109465984390287,0.458894015609713,0.09195,0.35777,0.0175159843902873,0.101124015609713,0,0.0135813333333333,0.004368,0.0179493333333333,0.0135813333333333,0.004368,0.0179493333333333,100
"184","184","ENGERO","ENGERO",4,"conspecific","unsterilized+dead","dead","unsterilized",0.47957195755484,2.07482804244516,0.40165,1.65842,0.0779219575548404,0.41640804244516,0,0.0135813333333333,0.004368,0.0179493333333333,0.0135813333333333,0.004368,0.0179493333333333,100
"185","185","MACHZU","ENGERO",0,"heterospecific","sterilized+dead","dead","sterilized",0.15874,0,0.09314,0,0.0656,0,2,0.0587506666666667,0.0310586666666667,0.0898093333333333,0.0135813333333333,0.004368,0.0179493333333333,3
"186","186","MACHZU","ENGERO",1,"heterospecific","sterilized+dead","dead","sterilized",0.78174,0.21646,0.44541,0.18392,0.33633,0.03254,0,0.0587506666666667,0.0310586666666667,0.0898093333333333,0.0135813333333333,0.004368,0.0179493333333333,0
"187","187","MACHZU","ENGERO",2,"heterospecific","sterilized+dead","dead","sterilized",0.3788,0.19044,0.25381,0.15389,0.12499,0.03655,0,0.0587506666666667,0.0310586666666667,0.0898093333333333,0.0135813333333333,0.004368,0.0179493333333333,0
"188","188","MACHZU","ENGERO",4,"heterospecific","sterilized+dead","dead","sterilized",0.53007,1.08395,0.29785,0.84587,0.23222,0.23808,0,0.0587506666666667,0.0310586666666667,0.0898093333333333,0.0135813333333333,0.004368,0.0179493333333333,60
"189","189","ENGERO","ENGERO",0,"conspecific","sterilized+dead","dead","sterilized",0.12662,0,0.09224,0,0.03438,0,0,0.0135813333333333,0.004368,0.0179493333333333,0.0135813333333333,0.004368,0.0179493333333333,0
"190","190","ENGERO","ENGERO",1,"conspecific","sterilized+dead","dead","sterilized",0.370526829634738,0.112093170365262,0.31221,0.0938,0.0583168296347381,0.0182931703652619,0,0.0135813333333333,0.004368,0.0179493333333333,0.0135813333333333,0.004368,0.0179493333333333,0
"191","191","ENGERO","ENGERO",2,"conspecific","sterilized+dead","dead","sterilized",0.0276635867565911,0.242396413243409,0.02339,0.20495,0.00427358675659105,0.037446413243409,2,0.0135813333333333,0.004368,0.0179493333333333,0.0135813333333333,0.004368,0.0179493333333333,0
"192","192","ENGERO","ENGERO",4,"conspecific","sterilized+dead","dead","sterilized",0.0109032731837439,0.657236726816256,0.00936,0.56421,0.00154327318374392,0.0930267268162561,1,0.0135813333333333,0.004368,0.0179493333333333,0.0135813333333333,0.004368,0.0179493333333333,0
"193","193","MACHZU","MACHZU",0,"conspecific","unsterilized+living","living","unsterilized",0.35478,0,0.27588,0,0.0789,0,0,0.0587506666666667,0.0310586666666667,0.0898093333333333,0.0587506666666667,0.0310586666666667,0.0898093333333333,100
"194","194","MACHZU","MACHZU",1,"conspecific","unsterilized+living","living","unsterilized",0.32461736446421,0.21382263553579,0.23222,0.14554,0.0923973644642101,0.0682826355357899,0,0.0587506666666667,0.0310586666666667,0.0898093333333333,0.0587506666666667,0.0310586666666667,0.0898093333333333,100
"195","195","MACHZU","MACHZU",2,"conspecific","unsterilized+living","living","unsterilized",0.210066582331465,0.418963417668535,0.14254,0.28749,0.0675265823314652,0.131473417668535,0,0.0587506666666667,0.0310586666666667,0.0898093333333333,0.0587506666666667,0.0310586666666667,0.0898093333333333,100
"196","196","MACHZU","MACHZU",4,"conspecific","unsterilized+living","living","unsterilized",0.21635359537535,1.64544640462465,0.15272,1.08932,0.0636335953753502,0.55612640462465,0,0.0587506666666667,0.0310586666666667,0.0898093333333333,0.0587506666666667,0.0310586666666667,0.0898093333333333,100
"197","197","ENGERO","MACHZU",0,"heterospecific","unsterilized+living","living","unsterilized",0.34802,0,0.27042,0,0.0776,0,0,0.0135813333333333,0.004368,0.0179493333333333,0.0587506666666667,0.0310586666666667,0.0898093333333333,100
"198","198","ENGERO","MACHZU",1,"heterospecific","unsterilized+living","living","unsterilized",0.29482,0.20321,0.23504,0.12139,0.05978,0.08182,0,0.0135813333333333,0.004368,0.0179493333333333,0.0587506666666667,0.0310586666666667,0.0898093333333333,100
"199","199","ENGERO","MACHZU",2,"heterospecific","unsterilized+living","living","unsterilized",0.19821,0.54489,0.15486,0.39122,0.04335,0.15367,0,0.0135813333333333,0.004368,0.0179493333333333,0.0587506666666667,0.0310586666666667,0.0898093333333333,100
"200","200","ENGERO","MACHZU",4,"heterospecific","unsterilized+living","living","unsterilized",2.99198,2.02782,2.11438,1.00391,0.8776,1.02391,0,0.0135813333333333,0.004368,0.0179493333333333,0.0587506666666667,0.0310586666666667,0.0898093333333333,80
"201","201","MACHZU","MACHZU",0,"conspecific","sterilized+living","living","sterilized",0.8685,0,0.57427,0,0.29423,0,0,0.0587506666666667,0.0310586666666667,0.0898093333333333,0.0587506666666667,0.0310586666666667,0.0898093333333333,30
"202","202","MACHZU","MACHZU",1,"conspecific","sterilized+living","living","sterilized",0.241374839147182,0.368535160852818,0.14927,0.21939,0.0921048391471817,0.149145160852818,0,0.0587506666666667,0.0310586666666667,0.0898093333333333,0.0587506666666667,0.0310586666666667,0.0898093333333333,10
"203","203","MACHZU","MACHZU",2,"conspecific","sterilized+living","living","sterilized",0.279620823943662,0.366249176056338,0.14277,0.24063,0.136850823943662,0.125619176056338,0,0.0587506666666667,0.0310586666666667,0.0898093333333333,0.0587506666666667,0.0310586666666667,0.0898093333333333,0
"204","204","MACHZU","MACHZU",4,"conspecific","sterilized+living","living","sterilized",0.178084689676928,1.05538531032307,0.10048,0.66034,0.0776046896769275,0.395045310323072,0,0.0587506666666667,0.0310586666666667,0.0898093333333333,0.0587506666666667,0.0310586666666667,0.0898093333333333,5
"205","205","ENGERO","MACHZU",0,"heterospecific","sterilized+living","living","sterilized",0.32146,0,0.27433,0,0.04713,0,0,0.0135813333333333,0.004368,0.0179493333333333,0.0587506666666667,0.0310586666666667,0.0898093333333333,0
"206","206","ENGERO","MACHZU",1,"heterospecific","sterilized+living","living","sterilized",0.2176,0.23178,0.18406,0.11036,0.03354,0.12142,1,0.0135813333333333,0.004368,0.0179493333333333,0.0587506666666667,0.0310586666666667,0.0898093333333333,0
"207","207","ENGERO","MACHZU",2,"heterospecific","sterilized+living","living","sterilized",0.13612,0.36068,0.1153,0.23712,0.02082,0.12356,0,0.0135813333333333,0.004368,0.0179493333333333,0.0587506666666667,0.0310586666666667,0.0898093333333333,0
"208","208","ENGERO","MACHZU",4,"heterospecific","sterilized+living","living","sterilized",0.56754,1.05822,0.4363,0.69808,0.13124,0.36014,0,0.0135813333333333,0.004368,0.0179493333333333,0.0587506666666667,0.0310586666666667,0.0898093333333333,0
"209","209","MACHZU","MACHZU",0,"conspecific","unsterilized+dead","dead","unsterilized",0.31243,0,0.21004,0,0.10239,0,0,0.0587506666666667,0.0310586666666667,0.0898093333333333,0.0587506666666667,0.0310586666666667,0.0898093333333333,100
"210","210","MACHZU","MACHZU",1,"conspecific","unsterilized+dead","dead","unsterilized",0.287999916005345,0.246240083994655,0.18334,0.18335,0.104659916005345,0.0628900839946549,0,0.0587506666666667,0.0310586666666667,0.0898093333333333,0.0587506666666667,0.0310586666666667,0.0898093333333333,100
"211","211","MACHZU","MACHZU",2,"conspecific","unsterilized+dead","dead","unsterilized",0.210168286348502,0.345991713651498,0.15363,0.25182,0.0565382863485017,0.0941717136514983,0,0.0587506666666667,0.0310586666666667,0.0898093333333333,0.0587506666666667,0.0310586666666667,0.0898093333333333,100
"212","212","MACHZU","MACHZU",4,"conspecific","unsterilized+dead","dead","unsterilized",0.467428305893095,1.08792169410691,0.2944,0.73511,0.173028305893095,0.352811694106905,0,0.0587506666666667,0.0310586666666667,0.0898093333333333,0.0587506666666667,0.0310586666666667,0.0898093333333333,100
"213","213","ENGERO","MACHZU",0,"heterospecific","unsterilized+dead","dead","unsterilized",0.20329,0,0.13825,0,0.06504,0,0,0.0135813333333333,0.004368,0.0179493333333333,0.0587506666666667,0.0310586666666667,0.0898093333333333,100
"214","214","ENGERO","MACHZU",1,"heterospecific","unsterilized+dead","dead","unsterilized",0.76921,0.65932,0.56947,0.36284,0.19974,0.29648,0,0.0135813333333333,0.004368,0.0179493333333333,0.0587506666666667,0.0310586666666667,0.0898093333333333,100
"215","215","ENGERO","MACHZU",2,"heterospecific","unsterilized+dead","dead","unsterilized",0.23679,1.00603,0.18271,0.67401,0.05408,0.33202,0,0.0135813333333333,0.004368,0.0179493333333333,0.0587506666666667,0.0310586666666667,0.0898093333333333,100
"216","216","ENGERO","MACHZU",4,"heterospecific","unsterilized+dead","dead","unsterilized",0.32459,1.28824,0.26341,0.80747,0.06118,0.48077,0,0.0135813333333333,0.004368,0.0179493333333333,0.0587506666666667,0.0310586666666667,0.0898093333333333,100
"217","217","MACHZU","MACHZU",0,"conspecific","sterilized+dead","dead","sterilized",0.08698,0,0.05122,0,0.03576,0,2,0.0587506666666667,0.0310586666666667,0.0898093333333333,0.0587506666666667,0.0310586666666667,0.0898093333333333,0
"218","218","MACHZU","MACHZU",1,"conspecific","sterilized+dead","dead","sterilized",0.291061353206367,0.478398646793633,0.20489,0.33856,0.0861713532063667,0.139838646793633,0,0.0587506666666667,0.0310586666666667,0.0898093333333333,0.0587506666666667,0.0310586666666667,0.0898093333333333,0
"219","219","MACHZU","MACHZU",2,"conspecific","sterilized+dead","dead","sterilized",0.247916209261495,0.420843790738505,0.12971,0.23481,0.118206209261495,0.186033790738505,0,0.0587506666666667,0.0310586666666667,0.0898093333333333,0.0587506666666667,0.0310586666666667,0.0898093333333333,0
"220","220","MACHZU","MACHZU",4,"conspecific","sterilized+dead","dead","sterilized",0.358737662105088,1.54079233789491,0.22089,1.0411,0.137847662105088,0.499692337894912,0,0.0587506666666667,0.0310586666666667,0.0898093333333333,0.0587506666666667,0.0310586666666667,0.0898093333333333,0
"221","221","ENGERO","MACHZU",0,"heterospecific","sterilized+dead","dead","sterilized",0.14104,0,0.1081,0,0.03294,0,0,0.0135813333333333,0.004368,0.0179493333333333,0.0587506666666667,0.0310586666666667,0.0898093333333333,0
"222","222","ENGERO","MACHZU",1,"heterospecific","sterilized+dead","dead","sterilized",0.22017,0.23691,0.19799,0.10103,0.02218,0.13588,0,0.0135813333333333,0.004368,0.0179493333333333,0.0587506666666667,0.0310586666666667,0.0898093333333333,3
"223","223","ENGERO","MACHZU",2,"heterospecific","sterilized+dead","dead","sterilized",0.46845,0.44903,0.37956,0.30347,0.08889,0.14556,0,0.0135813333333333,0.004368,0.0179493333333333,0.0587506666666667,0.0310586666666667,0.0898093333333333,0
"224","224","ENGERO","MACHZU",4,"heterospecific","sterilized+dead","dead","sterilized",0.03126,1.14778,0.02565,0.7781,0.00561,0.36968,2,0.0135813333333333,0.004368,0.0179493333333333,0.0587506666666667,0.0310586666666667,0.0898093333333333,5
"225","225","MACHZU","ENGERO",0,"heterospecific","unsterilized+living","living","unsterilized",0.28219,0,0.18348,0,0.09871,0,0,0.0587506666666667,0.0310586666666667,0.0898093333333333,0.0135813333333333,0.004368,0.0179493333333333,100
"226","226","MACHZU","ENGERO",1,"heterospecific","unsterilized+living","living","unsterilized",0.42548,0.97572,0.2894,0.78409,0.13608,0.19163,0,0.0587506666666667,0.0310586666666667,0.0898093333333333,0.0135813333333333,0.004368,0.0179493333333333,100
"227","227","MACHZU","ENGERO",2,"heterospecific","unsterilized+living","living","unsterilized",0.2541,0.55888,0.16198,0.40573,0.09212,0.15315,0,0.0587506666666667,0.0310586666666667,0.0898093333333333,0.0135813333333333,0.004368,0.0179493333333333,100
"228","228","MACHZU","ENGERO",4,"heterospecific","unsterilized+living","living","unsterilized",0.39338,0.97401,0.19291,0.80855,0.20047,0.16546,0,0.0587506666666667,0.0310586666666667,0.0898093333333333,0.0135813333333333,0.004368,0.0179493333333333,90
"229","229","ENGERO","ENGERO",0,"conspecific","unsterilized+living","living","unsterilized",0.66723,0,0.53073,0,0.1365,0,0,0.0135813333333333,0.004368,0.0179493333333333,0.0135813333333333,0.004368,0.0179493333333333,100
"230","230","ENGERO","ENGERO",1,"conspecific","unsterilized+living","living","unsterilized",0.26243,0.08469,0.18482,0.08061,0.07761,0.00408,1,0.0135813333333333,0.004368,0.0179493333333333,0.0135813333333333,0.004368,0.0179493333333333,100
"231","231","ENGERO","ENGERO",2,"conspecific","unsterilized+living","living","unsterilized",0.809767650370855,1.34287234962915,0.63815,1.13613,0.171617650370855,0.206742349629145,0,0.0135813333333333,0.004368,0.0179493333333333,0.0135813333333333,0.004368,0.0179493333333333,100
"232","232","ENGERO","ENGERO",4,"conspecific","unsterilized+living","living","unsterilized",0.344694082972517,2.70762591702748,0.27616,2.13042,0.068534082972517,0.577205917027483,0,0.0135813333333333,0.004368,0.0179493333333333,0.0135813333333333,0.004368,0.0179493333333333,100
"233","233","MACHZU","ENGERO",0,"heterospecific","sterilized+living","living","sterilized",0.16486,0,0.10463,0,0.06023,0,0,0.0587506666666667,0.0310586666666667,0.0898093333333333,0.0135813333333333,0.004368,0.0179493333333333,0
"234","234","MACHZU","ENGERO",1,"heterospecific","sterilized+living","living","sterilized",0.28917,0.29988,0.20834,0.09718,0.08083,0.2027,0,0.0587506666666667,0.0310586666666667,0.0898093333333333,0.0135813333333333,0.004368,0.0179493333333333,0
"235","235","MACHZU","ENGERO",2,"heterospecific","sterilized+living","living","sterilized",0.8683,0.23988,0.5975,0.18958,0.2708,0.0503,0,0.0587506666666667,0.0310586666666667,0.0898093333333333,0.0135813333333333,0.004368,0.0179493333333333,50
"236","236","MACHZU","ENGERO",4,"heterospecific","sterilized+living","living","sterilized",0.1705,0.51026,0.11165,0.40895,0.05885,0.10131,0,0.0587506666666667,0.0310586666666667,0.0898093333333333,0.0135813333333333,0.004368,0.0179493333333333,0
"237","237","ENGERO","ENGERO",0,"conspecific","sterilized+living","living","sterilized",0.10283,0,0.08282,0,0.02001,0,0,0.0135813333333333,0.004368,0.0179493333333333,0.0135813333333333,0.004368,0.0179493333333333,0
"238","238","ENGERO","ENGERO",1,"conspecific","sterilized+living","living","sterilized",0.147635034992036,0.106554965007964,0.11677,0.09042,0.0308650349920363,0.0161349650079637,0,0.0135813333333333,0.004368,0.0179493333333333,0.0135813333333333,0.004368,0.0179493333333333,40
"239","239","ENGERO","ENGERO",2,"conspecific","sterilized+living","living","sterilized",0.22038,0.65248,0.18232,0.51057,0.03806,0.14191,0,0.0135813333333333,0.004368,0.0179493333333333,0.0135813333333333,0.004368,0.0179493333333333,20
"240","240","ENGERO","ENGERO",4,"conspecific","sterilized+living","living","sterilized",0.195090977815326,0.608399022184674,0.15706,0.48212,0.0380309778153259,0.126279022184674,0,0.0135813333333333,0.004368,0.0179493333333333,0.0135813333333333,0.004368,0.0179493333333333,3
"241","241","MACHZU","ENGERO",0,"heterospecific","unsterilized+dead","dead","unsterilized",0.28825,0,0.20334,0,0.08491,0,0,0.0587506666666667,0.0310586666666667,0.0898093333333333,0.0135813333333333,0.004368,0.0179493333333333,100
"242","242","MACHZU","ENGERO",1,"heterospecific","unsterilized+dead","dead","unsterilized",0.2119,0.34517,0.12832,0.27899,0.08358,0.06618,0,0.0587506666666667,0.0310586666666667,0.0898093333333333,0.0135813333333333,0.004368,0.0179493333333333,100
"243","243","MACHZU","ENGERO",2,"heterospecific","unsterilized+dead","dead","unsterilized",0.24924,0.23774,0.1583,0.17821,0.09094,0.05953,0,0.0587506666666667,0.0310586666666667,0.0898093333333333,0.0135813333333333,0.004368,0.0179493333333333,100
"244","244","MACHZU","ENGERO",4,"heterospecific","unsterilized+dead","dead","unsterilized",0.33795,0.8958,0.19139,0.67075,0.14656,0.22505,0,0.0587506666666667,0.0310586666666667,0.0898093333333333,0.0135813333333333,0.004368,0.0179493333333333,100
"245","245","ENGERO","ENGERO",0,"conspecific","unsterilized+dead","dead","unsterilized",0.0923,0,0.08137,0,0.01093,0,0,0.0135813333333333,0.004368,0.0179493333333333,0.0135813333333333,0.004368,0.0179493333333333,100
"246","246","ENGERO","ENGERO",1,"conspecific","unsterilized+dead","dead","unsterilized",0.272208444548187,0.138051555451813,0.23138,0.11135,0.0408284445481866,0.0267015554518134,0,0.0135813333333333,0.004368,0.0179493333333333,0.0135813333333333,0.004368,0.0179493333333333,100
"247","247","ENGERO","ENGERO",2,"conspecific","unsterilized+dead","dead","unsterilized",0.113346087021124,0.413323912978876,0.09014,0.31367,0.0232060870211238,0.0996539129788762,0,0.0135813333333333,0.004368,0.0179493333333333,0.0135813333333333,0.004368,0.0179493333333333,100
"248","248","ENGERO","ENGERO",4,"conspecific","unsterilized+dead","dead","unsterilized",0.255151251556467,0.955218748443533,0.1883,0.76739,0.0668512515564671,0.187828748443533,0,0.0135813333333333,0.004368,0.0179493333333333,0.0135813333333333,0.004368,0.0179493333333333,100
"249","249","MACHZU","ENGERO",0,"heterospecific","sterilized+dead","dead","sterilized",0.47266,0,0.28838,0,0.18428,0,0,0.0587506666666667,0.0310586666666667,0.0898093333333333,0.0135813333333333,0.004368,0.0179493333333333,15
"250","250","MACHZU","ENGERO",1,"heterospecific","sterilized+dead","dead","sterilized",0.18619,0.1532,0.09222,0.12549,0.09397,0.02771,0,0.0587506666666667,0.0310586666666667,0.0898093333333333,0.0135813333333333,0.004368,0.0179493333333333,0
"251","251","MACHZU","ENGERO",2,"heterospecific","sterilized+dead","dead","sterilized",0.28057,0.77292,0.18146,0.60976,0.09911,0.16316,0,0.0587506666666667,0.0310586666666667,0.0898093333333333,0.0135813333333333,0.004368,0.0179493333333333,0
"252","252","MACHZU","ENGERO",4,"heterospecific","sterilized+dead","dead","sterilized",0.20478,0.99837,0.12398,0.79916,0.0808,0.19921,0,0.0587506666666667,0.0310586666666667,0.0898093333333333,0.0135813333333333,0.004368,0.0179493333333333,0
"253","253","ENGERO","ENGERO",0,"conspecific","sterilized+dead","dead","sterilized",0.37951,0,0.32244,0,0.05707,0,0,0.0135813333333333,0.004368,0.0179493333333333,0.0135813333333333,0.004368,0.0179493333333333,0
"254","254","ENGERO","ENGERO",1,"conspecific","sterilized+dead","dead","sterilized",0.226022185115738,0.161597814884262,0.18233,0.12699,0.0436921851157377,0.0346078148842623,0,0.0135813333333333,0.004368,0.0179493333333333,0.0135813333333333,0.004368,0.0179493333333333,0
"255","255","ENGERO","ENGERO",2,"conspecific","sterilized+dead","dead","sterilized",0.367516038894575,0.491883961105425,0.29675,0.38715,0.0707660388945752,0.104733961105425,0,0.0135813333333333,0.004368,0.0179493333333333,0.0135813333333333,0.004368,0.0179493333333333,0
"256","256","ENGERO","ENGERO",4,"conspecific","sterilized+dead","dead","sterilized",0.208811077083417,1.33782892291658,0.17806,1.06929,0.0307510770834168,0.268538922916583,0,0.0135813333333333,0.004368,0.0179493333333333,0.0135813333333333,0.004368,0.0179493333333333,0
